日付,時間,名前,フリガナ,会社名,メールアドレス,電話番号,郵便番号,ご住所,件名,メッセージ
2018年04月20日,14:19,"山田 太郎","ヤマダ タロウ",サクシード株式会社,yamada@gmail.com,5555,111-1111,"埼玉県  ",応募,"〇〇会社

お世話になっております。山田でございます。

メッセージの内容でございます。

以上よろしくお願いいたします。

山田太郎"
2018年04月20日,14:20,"山田 太郎","ヤマダ タロウ",サクシード株式会社,yamada@gmail.com,5555,111-1111,"埼玉県  ",応募,"〇〇会社

お世話になっております。山田でございます。

メッセージの内容でございます。

以上よろしくお願いいたします。

山田太郎"
2018年05月14日,17:15,"山田 太郎","ヤマダ タロウ",,yu_nishikubo@gmail.com,1111111,154-0011,"東京都 世田谷区上馬 ",デバッグ,デバッグ
2018年06月15日,16:59,"d d","d d",d,roomescape@naver.com,01000000000,123-4455,"青森県 d d",d,d
2018年06月15日,17:02,"d d","d d",d,roomescape@naver.com,01000000000,123-4455,"青森県 d d",d,d
