id(お仕事登録番号),title(見出し),link(飛ばすURL),remarks(備考),created_at(作成日),updated_at(更新日)
1,アプリケーションを開発/設計,./job/job20160629_01.html,特になし,2016/6/29 0:00,2018/4/16 0:00
2,各種アプリ開発 （PHP）,./job/job20160629_02.html,特になし,2016/6/29 0:00,2018/4/16 0:00
3,ポータルサイト開発（Java部分）,./job/job20160629_03.html,月収はスキル見合いで決まります,2016/6/29 0:00,2018/4/16 0:00
4,大手メディア企業,./job/job20160629_04.html,"・月収は単価スキル見合い
・ゲーム、組み込み系キャリアの方、
フル常駐できない方のご相談も受け付けております。",2016/6/29 0:00,2018/4/16 0:00
5,iOSエンジニア,./job/job20160629_05.html,特になし,2016/6/29 0:00,2018/4/16 0:00
6,Androidエンジニア,./job/job20160629_05.html,特になし,2016/6/29 0:00,2018/4/16 0:00
7,Andoroid基盤（アーキ）担当エンジニア,./job/job20160629_05.html,特になし,2016/6/29 0:00,2018/4/16 0:00
8,iOSエンジニア（Swift）,./job/job20160629_05.html,特になし,2016/6/29 0:00,2018/4/16 0:00
9,システム開発PMO支援,./job/job20160629_06.html,特になし,2016/6/29 0:00,2018/4/16 0:00
10,新規ソーシャルゲームディレクター/プランナー,./job/job20160629_07.html,特になし,2016/6/29 0:00,2018/4/16 0:00
